matchup,episode,score
C_vs_B,1,-1
C_vs_B,2,0
C_vs_B,3,-1
C_vs_B,4,-2
C_vs_B,5,0
C_vs_B,6,-2
C_vs_B,7,-1
C_vs_B,8,-3
C_vs_B,9,-1
C_vs_B,10,-1
C_vs_B,11,2
C_vs_B,12,-1
C_vs_B,13,-1
C_vs_B,14,-1
C_vs_B,15,-2
C_vs_B,16,-1
C_vs_B,17,0
C_vs_B,18,-1
C_vs_B,19,-1
C_vs_B,20,1
C_vs_B,21,-2
C_vs_B,22,-1
C_vs_B,23,0
C_vs_B,24,-2
C_vs_B,25,-2
C_vs_B,26,0
C_vs_B,27,-2
C_vs_B,28,-1
C_vs_B,29,-2
C_vs_B,30,0
C_vs_B,31,-2
C_vs_B,32,0
C_vs_B,33,-3
C_vs_B,34,-1
C_vs_B,35,-1
C_vs_B,36,0
C_vs_B,37,0
C_vs_B,38,4
C_vs_B,39,0
C_vs_B,40,0
C_vs_B,41,1
C_vs_B,42,0
C_vs_B,43,0
C_vs_B,44,-1
C_vs_B,45,-2
C_vs_B,46,-2
C_vs_B,47,-3
C_vs_B,48,-1
C_vs_B,49,-2
C_vs_B,50,-2
C_vs_B,51,1
C_vs_B,52,1
C_vs_B,53,-1
C_vs_B,54,-2
C_vs_B,55,-2
C_vs_B,56,0
C_vs_B,57,0
C_vs_B,58,-1
C_vs_B,59,-2
C_vs_B,60,-1
C_vs_B,61,-1
C_vs_B,62,-3
C_vs_B,63,-3
C_vs_B,64,-1
C_vs_B,65,-1
C_vs_B,66,0
C_vs_B,67,-1
C_vs_B,68,0
C_vs_B,69,0
C_vs_B,70,0
C_vs_B,71,-2
C_vs_B,72,0
C_vs_B,73,0
C_vs_B,74,-2
C_vs_B,75,1
C_vs_B,76,0
C_vs_B,77,-2
C_vs_B,78,-1
C_vs_B,79,-3
C_vs_B,80,0
C_vs_B,81,0
C_vs_B,82,-3
C_vs_B,83,-3
C_vs_B,84,-2
C_vs_B,85,0
C_vs_B,86,0
C_vs_B,87,-1
C_vs_B,88,0
C_vs_B,89,-1
C_vs_B,90,-1
C_vs_B,91,-2
C_vs_B,92,-3
C_vs_B,93,0
C_vs_B,94,1
C_vs_B,95,0
C_vs_B,96,0
C_vs_B,97,-3
C_vs_B,98,-2
C_vs_B,99,0
C_vs_B,100,-4
C_vs_B,101,-1
C_vs_B,102,-2
C_vs_B,103,0
C_vs_B,104,-2
C_vs_B,105,-1
C_vs_B,106,1
C_vs_B,107,-1
C_vs_B,108,-1
C_vs_B,109,-2
C_vs_B,110,0
C_vs_B,111,-1
C_vs_B,112,-1
C_vs_B,113,-2
C_vs_B,114,1
C_vs_B,115,0
C_vs_B,116,-3
C_vs_B,117,-1
C_vs_B,118,0
C_vs_B,119,0
C_vs_B,120,-3
C_vs_B,121,-1
C_vs_B,122,0
C_vs_B,123,-2
C_vs_B,124,0
C_vs_B,125,0
C_vs_B,126,-1
C_vs_B,127,0
C_vs_B,128,0
C_vs_B,129,-1
C_vs_B,130,0
C_vs_B,131,0
C_vs_B,132,0
C_vs_B,133,0
C_vs_B,134,-2
C_vs_B,135,-1
C_vs_B,136,0
C_vs_B,137,1
C_vs_B,138,-1
C_vs_B,139,2
C_vs_B,140,-3
C_vs_B,141,0
C_vs_B,142,1
C_vs_B,143,0
C_vs_B,144,1
C_vs_B,145,-4
C_vs_B,146,-1
C_vs_B,147,-1
C_vs_B,148,-2
C_vs_B,149,0
C_vs_B,150,-1
C_vs_B,151,-1
C_vs_B,152,-1
C_vs_B,153,1
C_vs_B,154,-4
C_vs_B,155,-1
C_vs_B,156,1
C_vs_B,157,0
C_vs_B,158,2
C_vs_B,159,-2
C_vs_B,160,-3
C_vs_B,161,0
C_vs_B,162,2
C_vs_B,163,-2
C_vs_B,164,0
C_vs_B,165,-2
C_vs_B,166,-1
C_vs_B,167,0
C_vs_B,168,0
C_vs_B,169,0
C_vs_B,170,0
C_vs_B,171,1
C_vs_B,172,-2
C_vs_B,173,-3
C_vs_B,174,-1
C_vs_B,175,0
C_vs_B,176,-2
C_vs_B,177,3
C_vs_B,178,1
C_vs_B,179,-2
C_vs_B,180,-2
C_vs_B,181,1
C_vs_B,182,1
C_vs_B,183,-5
C_vs_B,184,1
C_vs_B,185,0
C_vs_B,186,0
C_vs_B,187,-2
C_vs_B,188,0
C_vs_B,189,-2
C_vs_B,190,-3
C_vs_B,191,-1
C_vs_B,192,-1
C_vs_B,193,-1
C_vs_B,194,-1
C_vs_B,195,-2
C_vs_B,196,-3
C_vs_B,197,-1
C_vs_B,198,0
C_vs_B,199,0
C_vs_B,200,-2
A_vs_B,1,0
A_vs_B,2,-1
A_vs_B,3,0
A_vs_B,4,0
A_vs_B,5,3
A_vs_B,6,2
A_vs_B,7,0
A_vs_B,8,-1
A_vs_B,9,-1
A_vs_B,10,0
A_vs_B,11,1
A_vs_B,12,2
A_vs_B,13,0
A_vs_B,14,-1
A_vs_B,15,0
A_vs_B,16,0
A_vs_B,17,1
A_vs_B,18,1
A_vs_B,19,0
A_vs_B,20,-1
A_vs_B,21,0
A_vs_B,22,-2
A_vs_B,23,0
A_vs_B,24,0
A_vs_B,25,0
A_vs_B,26,1
A_vs_B,27,0
A_vs_B,28,-1
A_vs_B,29,0
A_vs_B,30,-2
A_vs_B,31,-1
A_vs_B,32,1
A_vs_B,33,0
A_vs_B,34,-1
A_vs_B,35,0
A_vs_B,36,1
A_vs_B,37,0
A_vs_B,38,2
A_vs_B,39,0
A_vs_B,40,-1
A_vs_B,41,0
A_vs_B,42,1
A_vs_B,43,-1
A_vs_B,44,1
A_vs_B,45,-1
A_vs_B,46,0
A_vs_B,47,0
A_vs_B,48,-1
A_vs_B,49,0
A_vs_B,50,1
A_vs_B,51,1
A_vs_B,52,0
A_vs_B,53,0
A_vs_B,54,2
A_vs_B,55,-1
A_vs_B,56,1
A_vs_B,57,-1
A_vs_B,58,-2
A_vs_B,59,-1
A_vs_B,60,-1
A_vs_B,61,1
A_vs_B,62,1
A_vs_B,63,2
A_vs_B,64,0
A_vs_B,65,0
A_vs_B,66,-1
A_vs_B,67,2
A_vs_B,68,1
A_vs_B,69,0
A_vs_B,70,0
A_vs_B,71,-1
A_vs_B,72,0
A_vs_B,73,-1
A_vs_B,74,-1
A_vs_B,75,1
A_vs_B,76,2
A_vs_B,77,0
A_vs_B,78,1
A_vs_B,79,0
A_vs_B,80,-1
A_vs_B,81,0
A_vs_B,82,0
A_vs_B,83,-2
A_vs_B,84,-1
A_vs_B,85,-1
A_vs_B,86,0
A_vs_B,87,0
A_vs_B,88,2
A_vs_B,89,-1
A_vs_B,90,0
A_vs_B,91,3
A_vs_B,92,1
A_vs_B,93,0
A_vs_B,94,1
A_vs_B,95,0
A_vs_B,96,1
A_vs_B,97,0
A_vs_B,98,1
A_vs_B,99,0
A_vs_B,100,0
A_vs_B,101,-2
A_vs_B,102,0
A_vs_B,103,0
A_vs_B,104,-1
A_vs_B,105,0
A_vs_B,106,0
A_vs_B,107,0
A_vs_B,108,1
A_vs_B,109,1
A_vs_B,110,0
A_vs_B,111,0
A_vs_B,112,0
A_vs_B,113,1
A_vs_B,114,1
A_vs_B,115,3
A_vs_B,116,0
A_vs_B,117,2
A_vs_B,118,0
A_vs_B,119,-3
A_vs_B,120,0
A_vs_B,121,-1
A_vs_B,122,2
A_vs_B,123,0
A_vs_B,124,1
A_vs_B,125,0
A_vs_B,126,-2
A_vs_B,127,0
A_vs_B,128,0
A_vs_B,129,0
A_vs_B,130,1
A_vs_B,131,-1
A_vs_B,132,2
A_vs_B,133,-2
A_vs_B,134,0
A_vs_B,135,0
A_vs_B,136,0
A_vs_B,137,0
A_vs_B,138,0
A_vs_B,139,-2
A_vs_B,140,0
A_vs_B,141,-1
A_vs_B,142,-1
A_vs_B,143,2
A_vs_B,144,0
A_vs_B,145,0
A_vs_B,146,0
A_vs_B,147,0
A_vs_B,148,1
A_vs_B,149,0
A_vs_B,150,2
A_vs_B,151,-1
A_vs_B,152,1
A_vs_B,153,0
A_vs_B,154,-1
A_vs_B,155,1
A_vs_B,156,1
A_vs_B,157,-1
A_vs_B,158,3
A_vs_B,159,1
A_vs_B,160,2
A_vs_B,161,-2
A_vs_B,162,0
A_vs_B,163,0
A_vs_B,164,0
A_vs_B,165,0
A_vs_B,166,1
A_vs_B,167,-1
A_vs_B,168,0
A_vs_B,169,1
A_vs_B,170,0
A_vs_B,171,0
A_vs_B,172,-2
A_vs_B,173,0
A_vs_B,174,0
A_vs_B,175,1
A_vs_B,176,0
A_vs_B,177,0
A_vs_B,178,-1
A_vs_B,179,0
A_vs_B,180,0
A_vs_B,181,2
A_vs_B,182,1
A_vs_B,183,1
A_vs_B,184,1
A_vs_B,185,-1
A_vs_B,186,0
A_vs_B,187,-1
A_vs_B,188,0
A_vs_B,189,-1
A_vs_B,190,-1
A_vs_B,191,-1
A_vs_B,192,0
A_vs_B,193,-1
A_vs_B,194,0
A_vs_B,195,0
A_vs_B,196,0
A_vs_B,197,-4
A_vs_B,198,2
A_vs_B,199,-1
A_vs_B,200,0
C_vs_A,1,-4
C_vs_A,2,-4
C_vs_A,3,1
C_vs_A,4,-3
C_vs_A,5,-2
C_vs_A,6,-2
C_vs_A,7,-4
C_vs_A,8,-3
C_vs_A,9,-1
C_vs_A,10,0
C_vs_A,11,0
C_vs_A,12,-1
C_vs_A,13,1
C_vs_A,14,-5
C_vs_A,15,-1
C_vs_A,16,-1
C_vs_A,17,-2
C_vs_A,18,1
C_vs_A,19,0
C_vs_A,20,-3
C_vs_A,21,-4
C_vs_A,22,-3
C_vs_A,23,1
C_vs_A,24,-1
C_vs_A,25,-2
C_vs_A,26,-1
C_vs_A,27,1
C_vs_A,28,-4
C_vs_A,29,0
C_vs_A,30,-1
C_vs_A,31,-3
C_vs_A,32,-3
C_vs_A,33,0
C_vs_A,34,-1
C_vs_A,35,-1
C_vs_A,36,-4
C_vs_A,37,0
C_vs_A,38,-2
C_vs_A,39,-5
C_vs_A,40,-1
C_vs_A,41,0
C_vs_A,42,-1
C_vs_A,43,2
C_vs_A,44,-3
C_vs_A,45,-2
C_vs_A,46,1
C_vs_A,47,-4
C_vs_A,48,-1
C_vs_A,49,-1
C_vs_A,50,-3
C_vs_A,51,-2
C_vs_A,52,-3
C_vs_A,53,-4
C_vs_A,54,-2
C_vs_A,55,-1
C_vs_A,56,-5
C_vs_A,57,0
C_vs_A,58,-4
C_vs_A,59,-2
C_vs_A,60,-3
C_vs_A,61,-1
C_vs_A,62,-3
C_vs_A,63,-1
C_vs_A,64,-1
C_vs_A,65,-1
C_vs_A,66,-1
C_vs_A,67,-3
C_vs_A,68,-1
C_vs_A,69,-2
C_vs_A,70,-5
C_vs_A,71,-1
C_vs_A,72,-2
C_vs_A,73,-2
C_vs_A,74,-5
C_vs_A,75,-4
C_vs_A,76,0
C_vs_A,77,0
C_vs_A,78,-4
C_vs_A,79,2
C_vs_A,80,-2
C_vs_A,81,-3
C_vs_A,82,-2
C_vs_A,83,-3
C_vs_A,84,0
C_vs_A,85,-2
C_vs_A,86,-4
C_vs_A,87,-4
C_vs_A,88,-5
C_vs_A,89,-1
C_vs_A,90,-2
C_vs_A,91,-2
C_vs_A,92,-2
C_vs_A,93,-2
C_vs_A,94,-3
C_vs_A,95,0
C_vs_A,96,-3
C_vs_A,97,-3
C_vs_A,98,-1
C_vs_A,99,-3
C_vs_A,100,-1
C_vs_A,101,-1
C_vs_A,102,-5
C_vs_A,103,0
C_vs_A,104,-3
C_vs_A,105,-3
C_vs_A,106,0
C_vs_A,107,-3
C_vs_A,108,-3
C_vs_A,109,-4
C_vs_A,110,0
C_vs_A,111,-2
C_vs_A,112,-4
C_vs_A,113,-2
C_vs_A,114,-3
C_vs_A,115,-3
C_vs_A,116,1
C_vs_A,117,-1
C_vs_A,118,-2
C_vs_A,119,-3
C_vs_A,120,-3
C_vs_A,121,1
C_vs_A,122,-1
C_vs_A,123,-4
C_vs_A,124,-2
C_vs_A,125,-1
C_vs_A,126,-2
C_vs_A,127,-1
C_vs_A,128,-4
C_vs_A,129,0
C_vs_A,130,-2
C_vs_A,131,-2
C_vs_A,132,-2
C_vs_A,133,-1
C_vs_A,134,-2
C_vs_A,135,0
C_vs_A,136,-3
C_vs_A,137,0
C_vs_A,138,2
C_vs_A,139,-1
C_vs_A,140,-2
C_vs_A,141,-1
C_vs_A,142,-3
C_vs_A,143,-1
C_vs_A,144,-2
C_vs_A,145,-2
C_vs_A,146,-2
C_vs_A,147,0
C_vs_A,148,-2
C_vs_A,149,-5
C_vs_A,150,-3
C_vs_A,151,-1
C_vs_A,152,-3
C_vs_A,153,-1
C_vs_A,154,-2
C_vs_A,155,0
C_vs_A,156,-4
C_vs_A,157,0
C_vs_A,158,0
C_vs_A,159,-2
C_vs_A,160,-2
C_vs_A,161,-2
C_vs_A,162,-2
C_vs_A,163,-4
C_vs_A,164,-3
C_vs_A,165,-4
C_vs_A,166,-2
C_vs_A,167,-2
C_vs_A,168,-3
C_vs_A,169,-3
C_vs_A,170,-5
C_vs_A,171,-3
C_vs_A,172,-1
C_vs_A,173,1
C_vs_A,174,-2
C_vs_A,175,-1
C_vs_A,176,-1
C_vs_A,177,-3
C_vs_A,178,-1
C_vs_A,179,-3
C_vs_A,180,-2
C_vs_A,181,-3
C_vs_A,182,-2
C_vs_A,183,-3
C_vs_A,184,-1
C_vs_A,185,-2
C_vs_A,186,-4
C_vs_A,187,-4
C_vs_A,188,-3
C_vs_A,189,-2
C_vs_A,190,1
C_vs_A,191,-5
C_vs_A,192,-2
C_vs_A,193,-2
C_vs_A,194,-3
C_vs_A,195,-1
C_vs_A,196,-1
C_vs_A,197,-1
C_vs_A,198,-3
C_vs_A,199,-5
C_vs_A,200,-3

matchup,n,mean,std,median,min,max,win_rate,loss_rate,draw_rate
C_vs_B,200,-0.8400,1.3358,-1.0,-5.0,4.0,12.0,57.0,31.0
A_vs_B,200,0.0650,1.1004,0.0,-4.0,3.0,28.5,26.5,45.0
C_vs_A,200,-1.9500,1.5772,-2.0,-5.0,2.0,6.5,82.5,11.0
